{"cameraMode":{"drawMode":0,"name":"Shaded","section":"Shading Mode"},"sceneLighting":true,"audioPlay":false,"sceneViewState":{"m_AlwaysRefresh":false,"showFog":true,"showSkybox":true,"showFlares":true,"showImageEffects":true,"showParticleSystems":true,"showVisualEffectGraphs":true,"m_FxEnabled":true},"in2DMode":false,"pivot":{"x":113.7381820678711,"y":-1338.9088134765625,"z":1437.988037109375},"rotation":{"x":0.35937604308128359,"y":-0.032479654997587207,"z":0.012301692739129067,"w":0.9325946569442749},"size":1020.8307495117188,"orthographic":false}